seq_hex	seq_dec	direction	type_hex	type_dec	size	filename
0x0	0	W	0x13	19	2750	0x0_T0x13_W.bin
0x1	1	R	0x3	3	88	0x1_T0x3_R.bin
0x2	2	R	0x15d	349	12	0x2_T0x15d_R.bin
0x3	3	W	0x15d	349	36	0x3_T0x15d_W.bin
0x4	4	R	0x40a	1034	76	0x4_T0x40a_R.bin
0x5	5	R	0x1be	446	76	0x5_T0x1be_R.bin
0x6	6	R	0x65c	1628	12706	0x6_T0x65c_R.bin
0x7	7	R	0x651	1617	4	0x7_T0x651_R.bin
0x8	8	R	0xa4	164	20	0x8_T0xa4_R.bin
0x9	9	R	0xca4	3236	102	0x9_T0xca4_R.bin
0xa	10	R	0x14f	335	12	0xa_T0x14f_R.bin
0xb	11	R	0x18a6	6310	40	0xb_T0x18a6_R.bin
0xc	12	R	0x1b88	7048	42	0xc_T0x1b88_R.bin
0xd	13	R	0x1b88	7048	42	0xd_T0x1b88_R.bin
0xe	14	R	0x1b88	7048	42	0xe_T0x1b88_R.bin
0xf	15	R	0xa4	164	20	0xf_T0xa4_R.bin
0x10	16	R	0x663	1635	110	0x10_T0x663_R.bin
0x11	17	R	0x1b88	7048	42	0x11_T0x1b88_R.bin
0x12	18	R	0x1b88	7048	42	0x12_T0x1b88_R.bin
0x13	19	R	0x1b88	7048	42	0x13_T0x1b88_R.bin
0x14	20	R	0x1b88	7048	42	0x14_T0x1b88_R.bin
0x15	21	R	0x1b88	7048	42	0x15_T0x1b88_R.bin
0x16	22	R	0x1b88	7048	42	0x16_T0x1b88_R.bin
0x17	23	R	0x1b88	7048	42	0x17_T0x1b88_R.bin
0x18	24	R	0x1b88	7048	42	0x18_T0x1b88_R.bin
0x19	25	R	0x1b88	7048	42	0x19_T0x1b88_R.bin
0x1a	26	R	0x1b88	7048	42	0x1a_T0x1b88_R.bin
0x1b	27	R	0x1b88	7048	42	0x1b_T0x1b88_R.bin
0x1c	28	R	0x1b88	7048	42	0x1c_T0x1b88_R.bin
0x1d	29	R	0x1b88	7048	42	0x1d_T0x1b88_R.bin
0x1e	30	R	0x1b88	7048	42	0x1e_T0x1b88_R.bin
0x1f	31	R	0x1b88	7048	42	0x1f_T0x1b88_R.bin
0x20	32	R	0x1b88	7048	42	0x20_T0x1b88_R.bin
0x21	33	R	0x1b88	7048	42	0x21_T0x1b88_R.bin
0x22	34	R	0x1b88	7048	42	0x22_T0x1b88_R.bin
0x23	35	R	0x1b88	7048	42	0x23_T0x1b88_R.bin
0x24	36	R	0x1b88	7048	42	0x24_T0x1b88_R.bin
0x25	37	R	0x8	8	46423	0x25_T0x8_R.bin
0x26	38	R	0x136a	4970	28	0x26_T0x136a_R.bin
0x27	39	R	0x14f	335	12	0x27_T0x14f_R.bin
0x28	40	R	0x16a0	5792	153	0x28_T0x16a0_R.bin
0x29	41	R	0x16a0	5792	99819	0x29_T0x16a0_R.bin
0x2a	42	R	0x8	8	46407	0x2a_T0x8_R.bin
0x2b	43	R	0x8	8	46407	0x2b_T0x8_R.bin
0x2c	44	R	0x15d	349	12	0x2c_T0x15d_R.bin
0x2d	45	W	0x15d	349	36	0x2d_T0x15d_W.bin
0x2e	46	R	0x8	8	46407	0x2e_T0x8_R.bin
0x2f	47	R	0x8	8	46407	0x2f_T0x8_R.bin
0x30	48	R	0x8	8	46407	0x30_T0x8_R.bin
0x31	49	R	0x15d	349	12	0x31_T0x15d_R.bin
0x32	50	W	0x15d	349	36	0x32_T0x15d_W.bin
0x33	51	R	0x8	8	46407	0x33_T0x8_R.bin
0x34	52	R	0x8	8	46407	0x34_T0x8_R.bin
0x35	53	R	0x8	8	46407	0x35_T0x8_R.bin
0x36	54	R	0x15d	349	12	0x36_T0x15d_R.bin
0x37	55	W	0x15d	349	36	0x37_T0x15d_W.bin
0x38	56	R	0x18a6	6310	40	0x38_T0x18a6_R.bin
0x39	57	W	0x1098	4248	44	0x39_T0x1098_W.bin
0x3a	58	W	0x9d3	2515	48	0x3a_T0x9d3_W.bin
0x3b	59	W	0x9fc	2556	102	0x3b_T0x9fc_W.bin
0x3c	60	R	0x14f	335	12	0x3c_T0x14f_R.bin
0x3d	61	W	0xa95	2709	81	0x3d_T0xa95_W.bin
0x3e	62	W	0x10b0	4272	45	0x3e_T0x10b0_W.bin
0x3f	63	W	0x101a	4122	45	0x3f_T0x101a_W.bin
0x40	64	W	0x187c	6268	45	0x40_T0x187c_W.bin
0x41	65	W	0x187f	6271	45	0x41_T0x187f_W.bin
0x42	66	R	0x8	8	46407	0x42_T0x8_R.bin
0x43	67	R	0x8e6	2278	42	0x43_T0x8e6_R.bin
0x44	68	R	0x8	8	46407	0x44_T0x8_R.bin
0x45	69	R	0x15d	349	12	0x45_T0x15d_R.bin
0x46	70	W	0x15d	349	36	0x46_T0x15d_W.bin
0x47	71	R	0x8	8	46407	0x47_T0x8_R.bin
0x48	72	R	0x8	8	46407	0x48_T0x8_R.bin
0x49	73	R	0x8	8	46407	0x49_T0x8_R.bin
0x4a	74	R	0x15d	349	12	0x4a_T0x15d_R.bin
0x4b	75	W	0x15d	349	36	0x4b_T0x15d_W.bin
0x4c	76	R	0x8	8	46407	0x4c_T0x8_R.bin
0x4d	77	R	0x663	1635	110	0x4d_T0x663_R.bin
0x4e	78	R	0x8	8	46407	0x4e_T0x8_R.bin
0x4f	79	R	0x8	8	46407	0x4f_T0x8_R.bin
0x50	80	R	0x15d	349	12	0x50_T0x15d_R.bin
0x51	81	W	0x15d	349	36	0x51_T0x15d_W.bin
0x52	82	R	0x8	8	46407	0x52_T0x8_R.bin
0x53	83	R	0x18a6	6310	40	0x53_T0x18a6_R.bin
0x54	84	R	0x14f	335	12	0x54_T0x14f_R.bin
0x55	85	R	0x8	8	46407	0x55_T0x8_R.bin
0x56	86	R	0x8	8	46407	0x56_T0x8_R.bin
0x57	87	R	0x15d	349	12	0x57_T0x15d_R.bin
0x58	88	W	0x15d	349	36	0x58_T0x15d_W.bin
0x59	89	R	0x8	8	46407	0x59_T0x8_R.bin
0x5a	90	R	0x8	8	46407	0x5a_T0x8_R.bin
0x5b	91	R	0x8	8	46407	0x5b_T0x8_R.bin
0x5c	92	R	0x15d	349	12	0x5c_T0x15d_R.bin
0x5d	93	W	0x15d	349	36	0x5d_T0x15d_W.bin
0x5e	94	W	0x102e	4142	46	0x5e_T0x102e_W.bin
0x5f	95	W	0x102f	4143	44	0x5f_T0x102f_W.bin
0x60	96	W	0x192c	6444	54	0x60_T0x192c_W.bin
0x61	97	W	0x101d	4125	45	0x61_T0x101d_W.bin
0x62	98	R	0x1033	4147	498	0x62_T0x1033_R.bin
0x63	99	W	0xf7f	3967	45	0x63_T0xf7f_W.bin
0x64	100	W	0x66b	1643	44	0x64_T0x66b_W.bin
0x65	101	R	0x1067	4199	86	0x65_T0x1067_R.bin
0x66	102	R	0x8	8	46407	0x66_T0x8_R.bin
0x67	103	W	0x143d	5181	45	0x67_T0x143d_W.bin
0x68	104	R	0x18a6	6310	40	0x68_T0x18a6_R.bin
0x69	105	W	0x1a59	6745	45	0x69_T0x1a59_W.bin
0x6a	106	W	0x1a59	6745	45	0x6a_T0x1a59_W.bin
0x6b	107	W	0x12f6	4854	299	0x6b_T0x12f6_W.bin
0x6c	108	R	0x8	8	46407	0x6c_T0x8_R.bin
0x6d	109	W	0x1a59	6745	45	0x6d_T0x1a59_W.bin
0x6e	110	W	0x635	1589	93	0x6e_T0x635_W.bin
0x6f	111	W	0x635	1589	108	0x6f_T0x635_W.bin
0x70	112	W	0x635	1589	123	0x70_T0x635_W.bin
0x71	113	W	0x635	1589	138	0x71_T0x635_W.bin
0x72	114	W	0x635	1589	153	0x72_T0x635_W.bin
0x73	115	R	0x8	8	7166	0x73_T0x8_R.bin
0x74	116	R	0x8	8	989	0x74_T0x8_R.bin
0x75	117	R	0x1096	4246	80	0x75_T0x1096_R.bin
0x76	118	R	0x1097	4247	24	0x76_T0x1097_R.bin
0x77	119	R	0x8	8	1003	0x77_T0x8_R.bin
0x78	120	R	0x8	8	988	0x78_T0x8_R.bin
0x79	121	R	0x8	8	1010	0x79_T0x8_R.bin
0x7a	122	R	0x8	8	427	0x7a_T0x8_R.bin
0x7b	123	R	0x8	8	1013	0x7b_T0x8_R.bin
0x7c	124	R	0x8	8	1314	0x7c_T0x8_R.bin
0x7d	125	R	0x8	8	1800	0x7d_T0x8_R.bin
0x7e	126	R	0x8	8	1591	0x7e_T0x8_R.bin
0x7f	127	R	0x8	8	992	0x7f_T0x8_R.bin
0x80	128	R	0x8	8	979	0x80_T0x8_R.bin
0x81	129	R	0x8	8	992	0x81_T0x8_R.bin
0x82	130	R	0x8	8	985	0x82_T0x8_R.bin
0x83	131	R	0x8	8	730	0x83_T0x8_R.bin
0x84	132	R	0x8	8	774	0x84_T0x8_R.bin
0x85	133	R	0x8	8	1591	0x85_T0x8_R.bin
0x86	134	R	0x8	8	706	0x86_T0x8_R.bin
0x87	135	R	0x8	8	830	0x87_T0x8_R.bin
0x88	136	R	0x8	8	3111	0x88_T0x8_R.bin
0x89	137	R	0x8	8	356	0x89_T0x8_R.bin
0x8a	138	R	0x8	8	678	0x8a_T0x8_R.bin
0x8b	139	R	0x8	8	916	0x8b_T0x8_R.bin
0x8c	140	R	0x8	8	728	0x8c_T0x8_R.bin
0x8d	141	R	0x8	8	2713	0x8d_T0x8_R.bin
0x8e	142	R	0x15d	349	12	0x8e_T0x15d_R.bin
0x8f	143	W	0x15d	349	36	0x8f_T0x15d_W.bin
0x90	144	R	0x8	8	916	0x90_T0x8_R.bin
0x91	145	R	0x8	8	717	0x91_T0x8_R.bin
0x92	146	W	0x5b2	1458	45	0x92_T0x5b2_W.bin
0x93	147	R	0x8	8	739	0x93_T0x8_R.bin
0x94	148	R	0x8	8	9978	0x94_T0x8_R.bin
0x95	149	R	0x8	8	2858	0x95_T0x8_R.bin
0x96	150	R	0x8	8	2579	0x96_T0x8_R.bin
0x97	151	R	0x8	8	588	0x97_T0x8_R.bin
0x98	152	R	0x8	8	7167	0x98_T0x8_R.bin
0x99	153	W	0x5b2	1458	45	0x99_T0x5b2_W.bin
0x9a	154	R	0x8	8	7167	0x9a_T0x8_R.bin
0x9b	155	W	0x5b2	1458	45	0x9b_T0x5b2_W.bin
0x9c	156	R	0x8	8	7167	0x9c_T0x8_R.bin
0x9d	157	R	0x8	8	126	0x9d_T0x8_R.bin
0x9e	158	R	0x8	8	7167	0x9e_T0x8_R.bin
0x9f	159	W	0x5b2	1458	93	0x9f_T0x5b2_W.bin
0xa0	160	R	0x8	8	705	0xa0_T0x8_R.bin
0xa1	161	R	0x8	8	1007	0xa1_T0x8_R.bin
0xa2	162	R	0x8	8	459	0xa2_T0x8_R.bin
0xa3	163	R	0x8	8	958	0xa3_T0x8_R.bin
0xa4	164	R	0x8	8	1006	0xa4_T0x8_R.bin
0xa5	165	R	0x8	8	1001	0xa5_T0x8_R.bin
0xa6	166	R	0x8	8	1006	0xa6_T0x8_R.bin
0xa7	167	R	0x8	8	158	0xa7_T0x8_R.bin
0xa8	168	R	0x8	8	989	0xa8_T0x8_R.bin
0xa9	169	R	0x8	8	106	0xa9_T0x8_R.bin
0xaa	170	R	0x8	8	983	0xaa_T0x8_R.bin
0xab	171	R	0x8	8	78	0xab_T0x8_R.bin
0xac	172	R	0x8	8	975	0xac_T0x8_R.bin
0xad	173	R	0x8	8	215	0xad_T0x8_R.bin
0xae	174	R	0x8	8	991	0xae_T0x8_R.bin
0xaf	175	R	0x8	8	988	0xaf_T0x8_R.bin
0xb0	176	R	0x8	8	175	0xb0_T0x8_R.bin
